Time,"{container=""afni-container"", instance=""10.244.188.163:8443"", job=""kube-state-metrics"", namespace=""sdsu-tend-lab"", node=""rci-tide-gpu-10.sdsu.edu"", phase=""Running"", pod=""afni-deployment-756cf9744f-f4pgq"", prometheus=""monitoring/k8s"", resource=""nvidia_com_gpu"", uid=""f88ac3aa-39dc-4b68-84c4-2c3ed7aa012a"", unit=""integer""}","{container=""automatic1111"", instance=""10.244.188.163:8443"", job=""kube-state-metrics"", namespace=""sdsu-llm"", node=""rci-tide-gpu-16.sdsu.edu"", phase=""Running"", pod=""automatic1111-546f5c854c-w8xrj"", prometheus=""monitoring/k8s"", resource=""nvidia_com_gpu"", uid=""6e346474-03e4-41bd-a424-5da848fdcbe3"", unit=""integer""}","{container=""chp"", instance=""10.244.188.163:8443"", job=""kube-state-metrics"", namespace=""csusb-hpc"", node=""rci-tide-gpu-16.sdsu.edu"", phase=""Running"", pod=""proxy-747cdc8457-gjw52"", prometheus=""monitoring/k8s"", resource=""nvidia_com_gpu"", uid=""9581c6f7-1fca-434e-b7dc-fee0709860d1"", unit=""integer""}","{container=""chp"", instance=""10.244.188.163:8443"", job=""kube-state-metrics"", namespace=""csusb-hub-dev"", node=""rci-nrp-gpu-08.sdsu.edu"", phase=""Running"", pod=""proxy-58bfcc955-tcf75"", prometheus=""monitoring/k8s"", resource=""nvidia_com_gpu"", uid=""7c4d4927-a27b-4012-879a-0189392701a0"", unit=""integer""}","{container=""chp"", instance=""10.244.188.163:8443"", job=""kube-state-metrics"", namespace=""csusb-mpi"", node=""rci-nrp-gpu-08.sdsu.edu"", phase=""Running"", pod=""proxy-7d8f6d7c6f-42x2s"", prometheus=""monitoring/k8s"", resource=""nvidia_com_gpu"", uid=""fa06d82c-3da3-4cef-b079-993b210f012f"", unit=""integer""}","{container=""chp"", instance=""10.244.188.163:8443"", job=""kube-state-metrics"", namespace=""csusb-qchen"", node=""rci-nrp-gpu-08.sdsu.edu"", phase=""Running"", pod=""proxy-7f9c99898c-j44xh"", prometheus=""monitoring/k8s"", resource=""nvidia_com_gpu"", uid=""30c9db64-e396-4925-9642-84dc818ed1ef"", unit=""integer""}","{container=""csusb-vasp-2a"", instance=""10.244.188.163:8443"", job=""kube-state-metrics"", namespace=""csusb-chaseci"", node=""rci-tide-gpu-12.sdsu.edu"", phase=""Running"", pod=""csusb-vasp-2a-66bbf8b546-gg5j8"", prometheus=""monitoring/k8s"", resource=""nvidia_com_gpu"", uid=""c7d0775e-656b-4f60-8c6d-58ffa7341c85"", unit=""integer""}","{container=""csusb-vasp-2a"", instance=""10.244.188.163:8443"", job=""kube-state-metrics"", namespace=""csusb-chaseci"", node=""rci-tide-gpu-14.sdsu.edu"", phase=""Running"", pod=""csusb-vasp-2a-774bd55779-vfhqg"", prometheus=""monitoring/k8s"", resource=""nvidia_com_gpu"", uid=""3f552537-57d0-4c8a-8952-8764db26c504"", unit=""integer""}","{container=""csusb-vasp-2b"", instance=""10.244.188.163:8443"", job=""kube-state-metrics"", namespace=""csusb-chaseci"", node=""rci-tide-gpu-12.sdsu.edu"", phase=""Running"", pod=""csusb-vasp-2b-74d57fddcf-9vgmr"", prometheus=""monitoring/k8s"", resource=""nvidia_com_gpu"", uid=""acba1015-4d92-4264-ad8c-877114ec3e2d"", unit=""integer""}","{container=""csusb-vasp-2b"", instance=""10.244.188.163:8443"", job=""kube-state-metrics"", namespace=""csusb-chaseci"", node=""rci-tide-gpu-12.sdsu.edu"", phase=""Running"", pod=""csusb-vasp-2b-74d57fddcf-q4m9z"", prometheus=""monitoring/k8s"", resource=""nvidia_com_gpu"", uid=""5f8d3d78-071c-4cd7-8e8c-bd019bc3190e"", unit=""integer""}","{container=""csusb-vasp-2b"", instance=""10.244.188.163:8443"", job=""kube-state-metrics"", namespace=""csusb-chaseci"", node=""rci-tide-gpu-12.sdsu.edu"", phase=""Running"", pod=""csusb-vasp-2b-74d57fddcf-xsbsr"", prometheus=""monitoring/k8s"", resource=""nvidia_com_gpu"", uid=""4fdbe502-9a7a-4317-b0fd-d31f23ae8011"", unit=""integer""}","{container=""face-recognition-pod"", instance=""10.244.188.163:8443"", job=""kube-state-metrics"", namespace=""sdsu-aicenter"", node=""rci-tide-gpu-16.sdsu.edu"", phase=""Running"", pod=""face-recognition-pod-6d755856b5-tb8j5"", prometheus=""monitoring/k8s"", resource=""nvidia_com_gpu"", uid=""2e236b40-6a8c-402c-9795-f06191db853f"", unit=""integer""}","{container=""face-recognition-pod"", instance=""10.244.188.163:8443"", job=""kube-state-metrics"", namespace=""sdsu-aicenter"", node=""rci-tide-gpu-17.sdsu.edu"", phase=""Running"", pod=""videollama-7b-pod-6655979f9c-vl7bf"", prometheus=""monitoring/k8s"", resource=""nvidia_com_gpu"", uid=""0e0e521a-cd55-4106-8e5f-d1de8bb7e307"", unit=""integer""}","{container=""gpu-container"", instance=""10.244.188.163:8443"", job=""kube-state-metrics"", namespace=""sdsu-shen-climate-lab"", node=""rci-tide-gpu-09.sdsu.edu"", phase=""Running"", pod=""sstevenson7222-7b9658955d-9fhq2"", prometheus=""monitoring/k8s"", resource=""nvidia_com_gpu"", uid=""f32b85ca-39c3-4d67-b3fe-05986d3afc2d"", unit=""integer""}","{container=""gpu-container"", instance=""10.244.188.163:8443"", job=""kube-state-metrics"", namespace=""sdsu-shen-climate-lab"", node=""rci-tide-gpu-14.sdsu.edu"", phase=""Running"", pod=""ikhadir-7d46459bd8-z2crc"", prometheus=""monitoring/k8s"", resource=""nvidia_com_gpu"", uid=""f81ae298-2f43-45a8-8f8e-d3403aeb0b18"", unit=""integer""}","{container=""hub"", instance=""10.244.188.163:8443"", job=""kube-state-metrics"", namespace=""csusb-hamouda"", node=""rci-tide-cpu-05.sdsu.edu"", phase=""Running"", pod=""hub-5fd66b79fb-bwdjd"", prometheus=""monitoring/k8s"", resource=""nvidia_com_gpu"", uid=""071532e1-c544-4cfb-9db0-a78e621190a0"", unit=""integer""}","{container=""hub"", instance=""10.244.188.163:8443"", job=""kube-state-metrics"", namespace=""csusb-khan"", node=""rci-tide-gpu-10.sdsu.edu"", phase=""Running"", pod=""hub-7bd79cc7b4-84k4x"", prometheus=""monitoring/k8s"", resource=""nvidia_com_gpu"", uid=""73f6a0de-8f77-4916-ad5b-50612ace3b5e"", unit=""integer""}","{container=""mmdetection"", instance=""10.244.188.163:8443"", job=""kube-state-metrics"", namespace=""cal-poly-humboldt-microglia"", node=""rci-tide-gpu-08.sdsu.edu"", phase=""Running"", pod=""mmdetection-pod"", prometheus=""monitoring/k8s"", resource=""nvidia_com_gpu"", uid=""eff36d52-3cf4-40a0-80bd-8f4a39597fa1"", unit=""integer""}","{container=""mmdetection"", instance=""10.244.188.163:8443"", job=""kube-state-metrics"", namespace=""cal-poly-humboldt-microglia"", node=""rci-tide-gpu-14.sdsu.edu"", phase=""Running"", pod=""mmdetection-pod"", prometheus=""monitoring/k8s"", resource=""nvidia_com_gpu"", uid=""69895383-d700-4ce7-ac73-04e143c2c4e0"", unit=""integer""}","{container=""mmf-con"", instance=""10.244.188.163:8443"", job=""kube-state-metrics"", namespace=""csun-edl"", node=""rci-tide-gpu-04.sdsu.edu"", phase=""Running"", pod=""mmf-6fcd6b77bd-xp7xn"", prometheus=""monitoring/k8s"", resource=""nvidia_com_gpu"", uid=""8b48fa31-c005-4a6a-8b99-feabefc318b6"", unit=""integer""}","{container=""notebook"", instance=""10.244.188.163:8443"", job=""kube-state-metrics"", namespace=""csu-tide-jupyterhub"", node=""rci-tide-cpu-06.sdsu.edu"", phase=""Running"", pod=""jupyter-ejc489-40humboldt-2eedu"", prometheus=""monitoring/k8s"", resource=""nvidia_com_gpu"", uid=""fc9fcbb6-3eaf-41cb-aab7-eaa2aab730f0"", unit=""integer""}","{container=""notebook"", instance=""10.244.188.163:8443"", job=""kube-state-metrics"", namespace=""csu-tide-jupyterhub"", node=""rci-tide-gpu-07.sdsu.edu"", phase=""Running"", pod=""jupyter-troy-2eisrael-2e458-40my-2ecsun-2eedu"", prometheus=""monitoring/k8s"", resource=""nvidia_com_gpu"", uid=""924cf125-51f3-45ff-bff9-872b944ee502"", unit=""integer""}","{container=""notebook"", instance=""10.244.188.163:8443"", job=""kube-state-metrics"", namespace=""csu-tide-jupyterhub"", node=""rci-tide-gpu-11.sdsu.edu"", phase=""Running"", pod=""jupyter-ab632-40humboldt-2eedu"", prometheus=""monitoring/k8s"", resource=""nvidia_com_gpu"", uid=""3b07998e-7c03-4d7f-8d81-f6d38a2d0970"", unit=""integer""}","{container=""notebook"", instance=""10.244.188.163:8443"", job=""kube-state-metrics"", namespace=""csu-tide-jupyterhub"", node=""rci-tide-gpu-11.sdsu.edu"", phase=""Running"", pod=""jupyter-htp27-40humboldt-2eedu"", prometheus=""monitoring/k8s"", resource=""nvidia_com_gpu"", uid=""05f6dfe4-09f4-4aa1-b3f0-25c74248f5c2"", unit=""integer""}","{container=""notebook"", instance=""10.244.188.163:8443"", job=""kube-state-metrics"", namespace=""csu-tide-jupyterhub"", node=""rci-tide-gpu-11.sdsu.edu"", phase=""Running"", pod=""jupyter-htp27-40humboldt-2eedu"", prometheus=""monitoring/k8s"", resource=""nvidia_com_gpu"", uid=""5c6767cb-7cb8-480c-b634-4977d530a451"", unit=""integer""}","{container=""notebook"", instance=""10.244.188.163:8443"", job=""kube-state-metrics"", namespace=""csu-tide-jupyterhub"", node=""rci-tide-gpu-11.sdsu.edu"", phase=""Running"", pod=""jupyter-troy-2eisrael-2e458-40my-2ecsun-2eedu"", prometheus=""monitoring/k8s"", resource=""nvidia_com_gpu"", uid=""2f9873df-6b87-4297-8ead-612e6f2f1104"", unit=""integer""}","{container=""notebook"", instance=""10.244.188.163:8443"", job=""kube-state-metrics"", namespace=""csu-tide-jupyterhub"", node=""rci-tide-gpu-12.sdsu.edu"", phase=""Running"", pod=""jupyter-ab632-40humboldt-2eedu"", prometheus=""monitoring/k8s"", resource=""nvidia_com_gpu"", uid=""ae3d2e14-096d-4a00-94ed-3d66cd2e7395"", unit=""integer""}","{container=""notebook"", instance=""10.244.188.163:8443"", job=""kube-state-metrics"", namespace=""csu-tide-jupyterhub"", node=""rci-tide-gpu-13.sdsu.edu"", phase=""Running"", pod=""jupyter-xhang-40csun-2eedu"", prometheus=""monitoring/k8s"", resource=""nvidia_com_gpu"", uid=""d721f452-2c6c-4566-9786-923c49702e54"", unit=""integer""}","{container=""notebook"", instance=""10.244.188.163:8443"", job=""kube-state-metrics"", namespace=""csu-tide-jupyterhub"", node=""rci-tide-gpu-15.sdsu.edu"", phase=""Running"", pod=""jupyter-btc26-40humboldt-2eedu"", prometheus=""monitoring/k8s"", resource=""nvidia_com_gpu"", uid=""f76e1430-5a87-40f3-b30e-5ba76fab9f70"", unit=""integer""}","{container=""notebook"", instance=""10.244.188.163:8443"", job=""kube-state-metrics"", namespace=""csu-tide-jupyterhub"", node=""rci-tide-gpu-16.sdsu.edu"", phase=""Running"", pod=""jupyter-cd43-40humboldt-2eedu"", prometheus=""monitoring/k8s"", resource=""nvidia_com_gpu"", uid=""d3cb79da-385f-4dc7-a80f-1337c92a7330"", unit=""integer""}","{container=""notebook"", instance=""10.244.188.163:8443"", job=""kube-state-metrics"", namespace=""csuf-titans"", node=""rci-tide-cpu-01.sdsu.edu"", phase=""Running"", pod=""jupyter-tryu-40fullerton-2eedu"", prometheus=""monitoring/k8s"", resource=""nvidia_com_gpu"", uid=""089f719a-707b-45b7-95d8-b227b4aa1a7d"", unit=""integer""}","{container=""notebook"", instance=""10.244.188.163:8443"", job=""kube-state-metrics"", namespace=""csusb-chaseci"", node=""rci-tide-cpu-02.sdsu.edu"", phase=""Running"", pod=""jupyter-dvu-40csusb-2eedu"", prometheus=""monitoring/k8s"", resource=""nvidia_com_gpu"", uid=""2b91c4e2-0bfe-44c9-832d-ce8338ad0f09"", unit=""integer""}","{container=""notebook"", instance=""10.244.188.163:8443"", job=""kube-state-metrics"", namespace=""csusb-chaseci"", node=""rci-tide-cpu-02.sdsu.edu"", phase=""Running"", pod=""jupyter-dvu-40csusb-2eedu"", prometheus=""monitoring/k8s"", resource=""nvidia_com_gpu"", uid=""ad3694fa-a7c0-482c-8802-5acec98022be"", unit=""integer""}","{container=""notebook"", instance=""10.244.188.163:8443"", job=""kube-state-metrics"", namespace=""csusb-hpc"", node=""rci-tide-gpu-07.sdsu.edu"", phase=""Running"", pod=""jupyter-joongho-2ekim0407-40coyote-2ecsusb-2eedu"", prometheus=""monitoring/k8s"", resource=""nvidia_com_gpu"", uid=""0473fa09-3efe-4398-b402-c651273dab30"", unit=""integer""}","{container=""notebook"", instance=""10.244.188.163:8443"", job=""kube-state-metrics"", namespace=""csusb-jupyterhub"", node=""rci-tide-cpu-02.sdsu.edu"", phase=""Running"", pod=""jupyter-ashley-2ezukowski8498-40coyote-2ecsusb-2eedu"", prometheus=""monitoring/k8s"", resource=""nvidia_com_gpu"", uid=""987fce49-4c61-4346-92f4-9da54ee71b94"", unit=""integer""}","{container=""notebook"", instance=""10.244.188.163:8443"", job=""kube-state-metrics"", namespace=""csusb-jupyterhub"", node=""rci-tide-cpu-02.sdsu.edu"", phase=""Running"", pod=""jupyter-christopher-2ecrawford2512-40coyote-2ecsusb-2eedu"", prometheus=""monitoring/k8s"", resource=""nvidia_com_gpu"", uid=""6bea7098-a1b7-4974-9975-6502e848b333"", unit=""integer""}","{container=""notebook"", instance=""10.244.188.163:8443"", job=""kube-state-metrics"", namespace=""csusb-jupyterhub"", node=""rci-tide-cpu-02.sdsu.edu"", phase=""Running"", pod=""jupyter-mcastro6-40csusb-2eedu"", prometheus=""monitoring/k8s"", resource=""nvidia_com_gpu"", uid=""7a028b29-7224-4295-9322-f96e1e2ab2f0"", unit=""integer""}","{container=""notebook"", instance=""10.244.188.163:8443"", job=""kube-state-metrics"", namespace=""csusb-jupyterhub"", node=""rci-tide-cpu-02.sdsu.edu"", phase=""Running"", pod=""jupyter-nujood-2ealmossa-40csusb-2eedu"", prometheus=""monitoring/k8s"", resource=""nvidia_com_gpu"", uid=""7ccd29db-9e45-49b2-bb54-13cd3ad6b32d"", unit=""integer""}","{container=""notebook"", instance=""10.244.188.163:8443"", job=""kube-state-metrics"", namespace=""csusb-jupyterhub"", node=""rci-tide-cpu-02.sdsu.edu"", phase=""Running"", pod=""jupyter-onry-2ebarrera-2ecamargo5692-40coyote-2ecsusb-2eedu"", prometheus=""monitoring/k8s"", resource=""nvidia_com_gpu"", uid=""de569baf-8a94-4114-9205-c3b14656a9cf"", unit=""integer""}","{container=""notebook"", instance=""10.244.188.163:8443"", job=""kube-state-metrics"", namespace=""csusb-jupyterhub"", node=""rci-tide-cpu-02.sdsu.edu"", phase=""Running"", pod=""jupyter-yasmin-2edarwish1609-40coyote-2ecsusb-2eedu"", prometheus=""monitoring/k8s"", resource=""nvidia_com_gpu"", uid=""0169b451-3b9d-42d9-b804-6450dc404c01"", unit=""integer""}","{container=""notebook"", instance=""10.244.188.163:8443"", job=""kube-state-metrics"", namespace=""csusb-jupyterhub"", node=""rci-tide-cpu-02.sdsu.edu"", phase=""Running"", pod=""jupyter-ziyad-2elabeb7190-40coyote-2ecsusb-2eedu"", prometheus=""monitoring/k8s"", resource=""nvidia_com_gpu"", uid=""abdaa299-48e7-471b-9a30-0c902dccaeb6"", unit=""integer""}","{container=""notebook"", instance=""10.244.188.163:8443"", job=""kube-state-metrics"", namespace=""csusb-jupyterhub"", node=""rci-tide-cpu-03.sdsu.edu"", phase=""Running"", pod=""jupyter-yasmin-2ecarrillo-2dhernandez-40csusb-2eedu"", prometheus=""monitoring/k8s"", resource=""nvidia_com_gpu"", uid=""4610b839-7f1b-428b-a06f-022bc96aeb2c"", unit=""integer""}","{container=""notebook"", instance=""10.244.188.163:8443"", job=""kube-state-metrics"", namespace=""csusb-jupyterhub"", node=""rci-tide-cpu-04.sdsu.edu"", phase=""Running"", pod=""jupyter-isaac-2eabraham8963-40coyote-2ecsusb-2eedu"", prometheus=""monitoring/k8s"", resource=""nvidia_com_gpu"", uid=""d817fd82-4a12-4795-b43f-1d42212ea8a0"", unit=""integer""}","{container=""notebook"", instance=""10.244.188.163:8443"", job=""kube-state-metrics"", namespace=""csusb-jupyterhub"", node=""rci-tide-cpu-04.sdsu.edu"", phase=""Running"", pod=""jupyter-kevin-2ealba6399-40coyote-2ecsusb-2eedu"", prometheus=""monitoring/k8s"", resource=""nvidia_com_gpu"", uid=""0d54086b-5df5-4e73-a159-51e21bf77489"", unit=""integer""}","{container=""notebook"", instance=""10.244.188.163:8443"", job=""kube-state-metrics"", namespace=""csusb-jupyterhub"", node=""rci-tide-cpu-04.sdsu.edu"", phase=""Running"", pod=""jupyter-kyra-2emiller6055-40coyote-2ecsusb-2eedu"", prometheus=""monitoring/k8s"", resource=""nvidia_com_gpu"", uid=""d8fcc119-9a8e-49fb-a9d0-7dee1fc0514f"", unit=""integer""}","{container=""notebook"", instance=""10.244.188.163:8443"", job=""kube-state-metrics"", namespace=""csusb-jupyterhub"", node=""rci-tide-cpu-04.sdsu.edu"", phase=""Running"", pod=""jupyter-priscilla-2evaldez6039-40coyote-2ecsusb-2eedu"", prometheus=""monitoring/k8s"", resource=""nvidia_com_gpu"", uid=""01eb20b4-f18a-4ec6-9f69-07fedc21b9c3"", unit=""integer""}","{container=""notebook"", instance=""10.244.188.163:8443"", job=""kube-state-metrics"", namespace=""csusb-jupyterhub"", node=""rci-tide-cpu-05.sdsu.edu"", phase=""Running"", pod=""jupyter-christiankyle-2enapuli6779-40coyote-2ecsusb-2eedu"", prometheus=""monitoring/k8s"", resource=""nvidia_com_gpu"", uid=""51868c63-afd4-45d7-b97a-72dce8c95093"", unit=""integer""}","{container=""notebook"", instance=""10.244.188.163:8443"", job=""kube-state-metrics"", namespace=""csusb-jupyterhub"", node=""rci-tide-cpu-05.sdsu.edu"", phase=""Running"", pod=""jupyter-christopher-2egaleana6046-40coyote-2ecsusb-2eedu"", prometheus=""monitoring/k8s"", resource=""nvidia_com_gpu"", uid=""58126c39-f87b-495d-b81a-d4e4c4b4c16b"", unit=""integer""}","{container=""notebook"", instance=""10.244.188.163:8443"", job=""kube-state-metrics"", namespace=""csusb-jupyterhub"", node=""rci-tide-cpu-05.sdsu.edu"", phase=""Running"", pod=""jupyter-laura-2eperez1419-40coyote-2ecsusb-2eedu"", prometheus=""monitoring/k8s"", resource=""nvidia_com_gpu"", uid=""47bc5f55-0798-43a0-8e2e-73f00f647488"", unit=""integer""}","{container=""notebook"", instance=""10.244.188.163:8443"", job=""kube-state-metrics"", namespace=""csusb-jupyterhub"", node=""rci-tide-cpu-05.sdsu.edu"", phase=""Running"", pod=""jupyter-savannah-2ehebert3322-40coyote-2ecsusb-2eedu"", prometheus=""monitoring/k8s"", resource=""nvidia_com_gpu"", uid=""59568410-efc8-4873-bd60-b8822c1eb449"", unit=""integer""}","{container=""notebook"", instance=""10.244.188.163:8443"", job=""kube-state-metrics"", namespace=""csusb-jupyterhub"", node=""rci-tide-cpu-06.sdsu.edu"", phase=""Running"", pod=""jupyter-daniel-2egaeta6522-40coyote-2ecsusb-2eedu"", prometheus=""monitoring/k8s"", resource=""nvidia_com_gpu"", uid=""1d9371e6-3966-42d3-8b42-19f469c5e649"", unit=""integer""}","{container=""notebook"", instance=""10.244.188.163:8443"", job=""kube-state-metrics"", namespace=""csusb-khan"", node=""rci-tide-gpu-17.sdsu.edu"", phase=""Running"", pod=""jupyter-michc308-40coyote-2ecsusb-2eedu"", prometheus=""monitoring/k8s"", resource=""nvidia_com_gpu"", uid=""bb7f4342-019f-4eeb-88bd-04d08ad413b1"", unit=""integer""}","{container=""notebook"", instance=""10.244.188.163:8443"", job=""kube-state-metrics"", namespace=""sdsu-rci-jh"", node=""rci-nrp-gpu-06.sdsu.edu"", phase=""Running"", pod=""jupyter-gpucillo4016-40sdsu-2eedu"", prometheus=""monitoring/k8s"", resource=""nvidia_com_gpu"", uid=""6fae0da4-3284-46d8-b0da-f9d22e9e08f4"", unit=""integer""}","{container=""notebook"", instance=""10.244.188.163:8443"", job=""kube-state-metrics"", namespace=""sdsu-rci-jh"", node=""rci-nrp-gpu-06.sdsu.edu"", phase=""Running"", pod=""jupyter-gpucillo4016-40sdsu-2eedu"", prometheus=""monitoring/k8s"", resource=""nvidia_com_gpu"", uid=""b3a2e656-7824-4f80-bed5-0003eeee2fbe"", unit=""integer""}","{container=""notebook"", instance=""10.244.188.163:8443"", job=""kube-state-metrics"", namespace=""sdsu-rci-jh"", node=""rci-nrp-gpu-06.sdsu.edu"", phase=""Running"", pod=""jupyter-slopez3254-40sdsu-2eedu"", prometheus=""monitoring/k8s"", resource=""nvidia_com_gpu"", uid=""f3f39f7b-de03-44e3-834d-ca10723a8ebb"", unit=""integer""}","{container=""notebook"", instance=""10.244.188.163:8443"", job=""kube-state-metrics"", namespace=""sdsu-rci-jh"", node=""rci-nrp-gpu-07.sdsu.edu"", phase=""Running"", pod=""jupyter-aacuna1525-40sdsu-2eedu"", prometheus=""monitoring/k8s"", resource=""nvidia_com_gpu"", uid=""832e6a82-66e9-4e86-bbdb-15908c1722cd"", unit=""integer""}","{container=""notebook"", instance=""10.244.188.163:8443"", job=""kube-state-metrics"", namespace=""sdsu-rci-jh"", node=""rci-nrp-gpu-07.sdsu.edu"", phase=""Running"", pod=""jupyter-cglaw-40sdsu-2eedu"", prometheus=""monitoring/k8s"", resource=""nvidia_com_gpu"", uid=""5b444877-690f-4224-8d70-0b00806c6453"", unit=""integer""}","{container=""notebook"", instance=""10.244.188.163:8443"", job=""kube-state-metrics"", namespace=""sdsu-rci-jh"", node=""rci-nrp-gpu-08.sdsu.edu"", phase=""Running"", pod=""jupyter-amurphy3-40sdsu-2eedu"", prometheus=""monitoring/k8s"", resource=""nvidia_com_gpu"", uid=""16898ee4-cce8-4c97-9fb3-0387b03eaa41"", unit=""integer""}","{container=""notebook"", instance=""10.244.188.163:8443"", job=""kube-state-metrics"", namespace=""sdsu-rci-jh"", node=""rci-tide-cpu-01.sdsu.edu"", phase=""Running"", pod=""jupyter-sgriego5421-40sdsu-2eedu"", prometheus=""monitoring/k8s"", resource=""nvidia_com_gpu"", uid=""0eb1901d-d730-47be-8ab5-551e1a1b99e8"", unit=""integer""}","{container=""notebook"", instance=""10.244.188.163:8443"", job=""kube-state-metrics"", namespace=""sdsu-rci-jh"", node=""rci-tide-cpu-05.sdsu.edu"", phase=""Running"", pod=""jupyter-mpalatucci1379-40sdsu-2eedu"", prometheus=""monitoring/k8s"", resource=""nvidia_com_gpu"", uid=""24f1858f-efff-4a31-8d4a-131d226a18e4"", unit=""integer""}","{container=""notebook"", instance=""10.244.188.163:8443"", job=""kube-state-metrics"", namespace=""sdsu-rci-jh"", node=""rci-tide-cpu-05.sdsu.edu"", phase=""Running"", pod=""jupyter-mpalatucci1379-40sdsu-2eedu"", prometheus=""monitoring/k8s"", resource=""nvidia_com_gpu"", uid=""4de95bac-27af-44ff-8f69-f98efaa66fab"", unit=""integer""}","{container=""notebook"", instance=""10.244.188.163:8443"", job=""kube-state-metrics"", namespace=""sdsu-rci-jh"", node=""rci-tide-gpu-04.sdsu.edu"", phase=""Running"", pod=""jupyter-akurakova8219-40sdsu-2eedu"", prometheus=""monitoring/k8s"", resource=""nvidia_com_gpu"", uid=""16070635-65d7-4e45-aef3-8474f6e40b33"", unit=""integer""}","{container=""notebook"", instance=""10.244.188.163:8443"", job=""kube-state-metrics"", namespace=""sdsu-rci-jh"", node=""rci-tide-gpu-07.sdsu.edu"", phase=""Running"", pod=""jupyter-sluo7066-40sdsu-2eedu"", prometheus=""monitoring/k8s"", resource=""nvidia_com_gpu"", uid=""ba3cfae6-5aff-45a5-951d-f12c8b8660ae"", unit=""integer""}","{container=""notebook"", instance=""10.244.188.163:8443"", job=""kube-state-metrics"", namespace=""sdsu-rci-jh"", node=""rci-tide-gpu-09.sdsu.edu"", phase=""Running"", pod=""jupyter-nsingh2341-40sdsu-2eedu"", prometheus=""monitoring/k8s"", resource=""nvidia_com_gpu"", uid=""72ed7f3a-8552-4343-9e2e-656b65210030"", unit=""integer""}","{container=""notebook"", instance=""10.244.188.163:8443"", job=""kube-state-metrics"", namespace=""sdsu-rci-jh"", node=""rci-tide-gpu-10.sdsu.edu"", phase=""Running"", pod=""jupyter-mmarks0561-40sdsu-2eedu"", prometheus=""monitoring/k8s"", resource=""nvidia_com_gpu"", uid=""f8dbade1-931c-4f65-baac-48aa463dbf22"", unit=""integer""}","{container=""notebook"", instance=""10.244.188.163:8443"", job=""kube-state-metrics"", namespace=""sdsu-rci-jh"", node=""rci-tide-gpu-11.sdsu.edu"", phase=""Running"", pod=""jupyter-achen7216-40sdsu-2eedu"", prometheus=""monitoring/k8s"", resource=""nvidia_com_gpu"", uid=""00667542-c038-4a1f-bb44-da7e66f2be88"", unit=""integer""}","{container=""notebook"", instance=""10.244.188.163:8443"", job=""kube-state-metrics"", namespace=""sdsu-rci-jh"", node=""rci-tide-gpu-13.sdsu.edu"", phase=""Running"", pod=""jupyter-dbuch3482-40sdsu-2eedu"", prometheus=""monitoring/k8s"", resource=""nvidia_com_gpu"", uid=""ca89fff5-a74d-445d-a108-59affc5ba05b"", unit=""integer""}","{container=""notebook"", instance=""10.244.188.163:8443"", job=""kube-state-metrics"", namespace=""sdsu-rci-jh"", node=""rci-tide-gpu-13.sdsu.edu"", phase=""Running"", pod=""jupyter-heli-40sdsu-2eedu"", prometheus=""monitoring/k8s"", resource=""nvidia_com_gpu"", uid=""8cb115a4-652c-41cc-a5d2-cbd5813eaa06"", unit=""integer""}","{container=""notebook"", instance=""10.244.188.163:8443"", job=""kube-state-metrics"", namespace=""sdsu-rci-jh"", node=""rci-tide-gpu-15.sdsu.edu"", phase=""Running"", pod=""jupyter-dlafarga9505-40sdsu-2eedu"", prometheus=""monitoring/k8s"", resource=""nvidia_com_gpu"", uid=""77f24c5f-6ce7-4319-bd37-de9c4fb6be9b"", unit=""integer""}","{container=""notebook"", instance=""10.244.188.163:8443"", job=""kube-state-metrics"", namespace=""sdsu-rci-jh"", node=""rci-tide-gpu-15.sdsu.edu"", phase=""Running"", pod=""jupyter-jmartinez1543-40sdsu-2eedu"", prometheus=""monitoring/k8s"", resource=""nvidia_com_gpu"", uid=""f5ccae00-abba-49c5-9b38-03d64bb92fb8"", unit=""integer""}","{container=""pod-ollama"", instance=""10.244.188.163:8443"", job=""kube-state-metrics"", namespace=""sdsu-llm"", node=""rci-tide-gpu-14.sdsu.edu"", phase=""Running"", pod=""ollama-5c4fb6f9d8-g2sw8"", prometheus=""monitoring/k8s"", resource=""nvidia_com_gpu"", uid=""ef2a98a3-00fb-4b16-918e-d8ab759ca137"", unit=""integer""}","{container=""rag-llm-ollama"", instance=""10.244.188.163:8443"", job=""kube-state-metrics"", namespace=""sdsu-goldberg"", node=""rci-tide-gpu-15.sdsu.edu"", phase=""Running"", pod=""rag-llm-ollama-86d6b4f8bd-tlpfm"", prometheus=""monitoring/k8s"", resource=""nvidia_com_gpu"", uid=""7b8f3c6d-8014-4629-ac85-79f8c5493f3b"", unit=""integer""}"
2/17/2025 0:00,1,1,0,0,0,0,,2,,2,,1,1,,,0,0,0,,1,0,1,2,,,,,1,0,2,0,,,1,,,,,,,,,,,,,,,,,,1,,0,,,0,,,,,1,2,1,2,,2,0,,2,2,1
2/17/2025 1:00,1,1,0,0,0,0,,2,,2,,1,1,,,0,0,0,,1,0,1,2,,,,,1,0,2,0,,,1,,,,,,,,,,,,,,,,,0,1,,0,,,0,,,,,1,2,1,2,,2,0,,2,2,1
2/17/2025 2:00,1,1,0,0,0,0,,2,,2,,1,1,,,0,0,0,,1,0,1,2,,,,,1,0,2,0,,,1,,,,,,,,,,,,,,,,,0,1,,0,,,0,,,,,1,2,1,2,,2,0,,2,2,1
2/17/2025 3:00,1,1,0,0,0,0,,2,,2,,1,1,,,0,0,0,,1,0,1,2,,,,,1,0,2,0,,,1,,,,,,,,,,,,,,,,,0,1,,0,,,0,,,,,1,2,1,2,,2,0,,2,2,1
2/17/2025 4:00,1,1,0,0,0,0,,2,,2,,1,1,,,0,0,0,,1,0,1,2,,,,,1,0,2,0,,,1,,,,,,,,,,,,,,,,,,1,,0,,,0,,,,,1,2,1,2,,2,0,,2,2,1
2/17/2025 5:00,1,1,0,0,0,0,,2,,2,,1,1,,,0,0,0,,1,0,1,2,,,,,1,0,2,0,,,1,,,,,,,,,,,,,,,,,,1,,0,,,0,,,,,1,2,1,2,,2,0,,2,2,1
2/17/2025 6:00,1,1,0,0,0,0,,2,,2,,1,1,,,0,0,0,,1,0,1,2,,,,,1,0,2,0,,,1,,,,,,,,,,,,,,,,,,1,,0,,,0,,,,,1,2,1,2,,2,0,,2,2,1
2/17/2025 7:00,1,1,0,0,0,0,,2,,2,,1,1,,,0,0,0,,1,0,1,2,,,,,1,0,2,0,,,1,,,,,,,,,,,,,,,,,,1,,0,,,0,,,,,1,2,1,2,,2,0,,2,2,1
2/17/2025 8:00,1,1,0,0,0,0,,2,,2,,1,1,,,0,0,0,,1,0,1,2,,,,,1,0,2,0,,,1,,,,,,,,,,,,,,,,,,1,,0,,,0,,,,,1,2,1,2,,2,0,,2,2,1
2/17/2025 9:00,1,1,0,0,0,0,,2,0,,,1,1,,,0,0,0,,1,0,1,2,,,,,1,0,2,0,,,1,,,,,,,,,,,,,,,,0,,1,,0,,,0,,,,,1,2,1,2,,2,0,,2,2,1
2/17/2025 10:00,1,1,0,0,0,0,,2,,,0,1,1,,,0,0,0,,1,0,1,,,2,,,1,0,2,0,,,1,,,,,,,,,,,,,,,,0,,1,,0,,,0,,,,,1,2,1,2,,2,0,,2,2,1
2/17/2025 11:00,1,1,0,0,0,0,,2,,,,1,1,1,,0,0,0,,1,0,1,,2,,,2,1,0,2,0,0,,1,,,,,,,,,,,,,,,,,,1,,0,,,0,,,,,1,2,1,2,,2,0,,2,2,1
2/17/2025 12:00,1,1,0,0,0,0,,2,,,,1,1,1,,0,0,0,,1,0,,,2,,,2,1,0,2,0,,,1,,,0,0,,,,,,,,,,,,,,1,,0,,,0,0,,,,1,2,1,2,,2,0,,2,2,1
2/17/2025 13:00,1,1,0,0,0,0,,2,,,,1,1,1,,0,0,0,,1,0,,,2,,,2,1,0,2,0,,0,1,,,0,0,,,,,,,,,,,,,,1,,0,,,0,0,,,,1,2,1,2,,2,0,,2,2,1
2/17/2025 14:00,1,1,0,0,0,0,,2,,,,1,1,1,,0,0,0,,1,0,,,2,,1,2,1,0,2,0,,0,1,,,0,0,,,,,,,,,,,,,,1,,0,,,0,0,,,,1,2,1,2,,2,0,,2,2,1
2/17/2025 15:00,1,1,0,0,0,0,2,,,,,1,1,1,,0,0,0,,1,0,,,2,,1,2,1,0,2,0,,,1,,,0,0,,,,,,,0,,,0,,,,1,,0,,,0,0,,,,1,2,1,2,,2,0,,2,2,1
2/17/2025 16:00,1,1,0,0,0,0,2,,,,,1,1,1,,0,0,0,,1,0,,,2,,1,2,1,0,2,0,,,1,,0,0,0,,,,0,,,0,,,0,,,,1,,0,,,0,0,,,,1,2,1,2,,2,0,,2,2,1
2/17/2025 17:00,1,1,0,0,0,0,2,,,,,1,1,1,,0,0,0,,1,0,,,2,,1,2,1,0,2,0,,,1,,0,0,0,,,,0,,,0,,,0,,,,1,,0,,,0,0,,,,1,2,1,2,,2,0,,2,2,1
2/17/2025 18:00,1,1,0,0,0,0,2,,,,,1,1,1,1,0,0,0,,1,0,,,2,,1,2,1,0,2,0,,,1,0,0,0,0,,,,,,,0,,,,,,,1,,0,,,0,0,,,,1,2,1,2,,2,0,,2,2,1
2/17/2025 19:00,1,1,0,0,0,0,2,,,,,1,1,1,1,0,0,0,,1,0,,,2,,1,2,1,0,2,0,,,1,0,,0,,0,,,,,,0,,,,,,,1,,0,,,0,0,,,,1,2,1,2,,2,0,,2,2,1
2/17/2025 20:00,1,1,0,0,0,0,2,,,,,1,1,1,1,0,0,,1,1,0,,,2,,1,2,1,0,2,0,,,1,0,,0,,0,0,,,,,0,,,,,,,1,,0,,,0,0,,,,1,2,1,2,,2,0,,2,2,1
2/17/2025 21:00,1,1,0,0,0,0,2,,,,,1,1,1,1,0,0,,1,1,0,,,2,,1,2,1,0,2,0,,,1,,,0,,0,0,,,,,0,,,,,,,1,,0,,,0,0,,,,1,2,1,2,1,2,0,,2,2,1
2/17/2025 22:00,1,1,0,0,0,0,2,,,,,1,1,1,1,0,0,,1,1,0,,,2,,1,2,1,0,2,0,,,1,,,0,,,,,,,,0,,,,,,,1,,0,,,0,0,,,,1,2,1,2,1,2,0,,2,2,1
2/17/2025 23:00,1,1,0,0,0,0,2,,,,,1,1,1,1,0,0,,,1,0,,,2,,1,2,1,0,2,0,,,1,,,0,,,,0,,,,0,,,,,,,1,,0,,,0,0,,,,1,2,1,2,1,2,0,,2,2,1
2/18/2025 0:00,1,1,0,0,0,0,2,,,,,1,1,1,1,0,0,,,1,0,,,2,,1,2,1,0,2,0,,,1,,,,,,,0,,,,0,,,,0,,,1,,0,,,0,0,,,,1,2,1,2,1,2,0,,2,2,1
2/18/2025 1:00,1,1,0,0,0,0,2,,,,,1,1,1,1,0,0,,,1,0,,,2,,1,2,1,0,2,0,,,1,,,,,,,0,,,,0,,,,0,,,1,,0,,,0,0,,,,1,2,1,2,1,2,0,,2,2,1
2/18/2025 2:00,1,1,0,0,0,0,2,,,,,1,1,1,1,0,0,,,1,0,,,2,,1,2,1,0,2,0,,,1,,,,,,,0,,,,0,,0,,,,,1,,0,,,0,0,,,,1,2,1,2,1,2,0,,2,2,1
2/18/2025 3:00,1,1,0,0,0,0,2,,,,,1,1,1,1,0,0,,,1,0,,,2,,1,2,1,0,2,0,,,1,,,,,,,0,,,,,,0,,,,,1,,0,,,0,0,,,,1,2,1,2,1,2,0,,2,2,1
2/18/2025 4:00,1,1,0,0,0,0,2,,,,,1,1,1,1,0,0,,,1,0,,,2,,1,2,1,0,2,0,,,1,,,,,,,0,,,,,,0,,,,,1,,0,,,0,0,,,,1,2,1,2,1,2,0,,2,2,1
2/18/2025 5:00,1,1,0,0,0,0,2,,,,,1,1,1,1,0,0,,,1,0,,,2,,1,2,1,0,2,0,,,1,,,,,,,,,,,,,0,,,,,1,,0,,,0,0,,,,1,2,1,2,1,2,0,,2,2,1
2/18/2025 6:00,1,1,0,0,0,0,2,,,,,1,1,1,1,0,0,,,1,0,,,2,,1,2,1,0,2,0,,,1,,,,,,,,,,,,,0,,,,,1,,0,,,0,0,,,,1,2,1,2,1,2,0,,2,2,1
2/18/2025 7:00,1,1,0,0,0,0,2,,,,,1,1,1,1,0,0,,,1,0,,,2,,1,2,1,0,2,0,,,1,,,,,,,,,,,,,,,,,,1,,0,,,0,0,,,,1,2,1,2,1,2,0,,2,2,1
2/18/2025 8:00,,,,,,,2,,,,,,,1,1,,,,,,,,,,,1,,,,,,,,,,,,,,,,,,,,,,,,,,,,,,,,0,,,,,,,,1,,,,,,
2/18/2025 9:00,1,1,0,0,0,0,2,,,,,1,1,1,1,0,0,,,1,0,,,2,,1,2,1,0,2,0,,,1,,,,,,,,,,,,,,,,,,1,,0,,,0,0,,0,,1,2,1,2,1,2,0,,2,2,1
2/18/2025 10:00,1,1,0,0,0,0,2,,,,,1,1,1,1,0,0,,,1,0,,,2,,1,2,1,0,2,0,,,1,,,,,,,,,,,,,,,,,,1,,0,,,0,0,0,,0,1,2,1,2,1,2,0,,2,2,1
2/18/2025 11:00,1,1,0,0,0,0,2,,,,,1,1,1,1,0,0,,,1,0,,,2,,1,2,1,0,2,0,,,1,,,,,,,,,,,,,,,,,,1,,0,,,0,0,0,,0,1,2,1,2,1,2,0,,2,2,1
2/18/2025 12:00,1,1,0,0,0,0,2,,,,,1,1,1,1,0,0,,,1,0,,,2,,1,2,1,0,2,0,,,1,,,,,,,,,,,,,,,,,,1,,0,,,0,0,0,,0,1,2,1,2,1,2,0,,2,2,1
2/18/2025 13:00,1,1,0,0,0,0,2,,,,,1,1,1,1,0,0,,,1,0,,,2,,1,2,1,0,2,0,,,1,,,,,,,,,,,,,,,,,,1,,0,,0,0,0,0,,0,1,2,1,2,1,2,0,,2,2,1
2/18/2025 14:00,1,1,0,0,0,0,2,,,,,1,1,1,1,0,0,,,1,0,,,2,,1,2,1,0,2,0,,,1,,,,,,,,,,,,0,,,,,,1,,0,,0,0,0,0,,0,1,2,1,2,1,2,0,,2,2,1
2/18/2025 15:00,1,1,0,0,0,0,2,,,,,1,1,1,1,0,0,,,1,0,,,2,,1,2,1,0,2,0,,,1,,,,,,,,,,,,0,,,,,,1,,0,,0,0,0,0,,0,1,2,1,2,1,2,0,,2,2,1
2/18/2025 16:00,1,1,0,0,0,0,2,,,,,1,1,1,1,0,0,,,1,0,,,2,,1,2,1,0,2,0,,,1,,,,,,,,,,,,0,,,,,,1,,0,,0,0,0,0,,0,1,2,1,2,1,2,0,,2,2,1
2/18/2025 17:00,1,1,0,0,0,0,2,,,,,1,1,1,1,0,0,,,1,0,,,2,,1,2,1,0,2,0,,,1,,,,,,,,,0,0,,0,,,,,,1,,0,,0,0,0,0,,0,1,2,1,2,1,2,0,,2,2,1
2/18/2025 18:00,1,1,0,0,0,0,2,,,,,1,1,1,1,0,0,,,1,0,,,2,,1,2,1,0,2,0,,,1,,,,,,,,,0,0,,0,,,,,,1,,0,,0,0,0,0,,0,1,2,1,2,1,2,0,1,2,2,1
2/18/2025 19:00,1,1,0,0,0,0,2,,,,,1,1,1,1,0,0,,,1,0,,,2,,1,2,1,0,2,0,,,1,,,,,,,,,0,0,,0,,,,,,1,,0,,0,0,0,0,,0,1,2,1,2,1,2,0,,2,2,1
2/18/2025 20:00,1,1,0,0,0,0,2,,,,,1,1,1,1,0,0,,,1,0,,,2,,1,2,1,0,2,0,,,1,,,,,,,,,,0,,0,,,,,,1,,0,,0,0,0,0,,0,1,2,1,2,1,2,0,,2,2,1
2/18/2025 21:00,1,1,0,0,0,0,2,,,,,1,1,1,1,0,0,,,1,0,,,2,,1,2,1,0,2,0,,,1,,,,,,,,,,0,,0,,,,,,1,,0,,0,0,0,0,,0,1,2,1,2,1,2,0,,2,2,1
2/18/2025 22:00,1,1,0,0,0,0,2,,,,,1,1,1,1,0,0,,,1,0,,,2,,1,2,1,0,2,0,,,1,,,,,,,,,,0,,0,,,,,,1,0,,0,0,0,0,0,,0,1,2,1,2,1,2,0,,2,2,1
2/18/2025 23:00,1,1,0,0,0,0,2,,,,,1,1,1,1,0,0,,,1,0,,,2,,1,2,1,0,2,0,,,1,,,,,,,,,,0,,0,,,,,,1,0,,0,0,0,0,0,,0,1,2,1,2,1,2,0,,2,2,1
,,,,,,,,,,,,,,,,,,,,,,,,,,,,,,,,,,,,,,,,,,,,,,,,,,,,,,,,,,,,,,,,,,,,,,,,
,1505,,,,,,,,,,,,,,,,,,,,,,,,,,,,,,,,,,,,,,,,,,,,,,,,,,,,,,,,,,,,,,,,,,,,,,,
